Annualized Return,Annualized Volatility,Sharpe Ratio,Max Drawdown,Max Drawdown Duration
0.05633606422158886,0.12080622426716106,0.46633411948214304,-0.24923339995402072,671.0
